{"cameraMode":{"drawMode":0,"name":"Shaded","section":"Shading Mode"},"sceneLighting":true,"audioPlay":false,"sceneViewState":{"m_AlwaysRefresh":true,"showFog":true,"showSkybox":false,"showFlares":true,"showImageEffects":true,"showParticleSystems":true,"showVisualEffectGraphs":true,"m_FxEnabled":true},"in2DMode":false,"pivot":{"x":184.5802764892578,"y":2.369999885559082,"z":447.02972412109377},"rotation":{"x":-0.052269089967012408,"y":-0.8922242522239685,"z":0.10703528672456742,"w":-0.43562453985214236},"size":3.3372044563293459,"orthographic":false}