{"cameraMode":{"drawMode":0,"name":"Shaded","section":"Shading Mode"},"sceneLighting":false,"audioPlay":false,"sceneViewState":{"m_AlwaysRefresh":true,"showFog":true,"showSkybox":false,"showFlares":true,"showImageEffects":true,"showParticleSystems":true,"showVisualEffectGraphs":true,"m_FxEnabled":true},"in2DMode":false,"pivot":{"x":-46.39999771118164,"y":268.77801513671877,"z":77.4000015258789},"rotation":{"x":-0.004576158709824085,"y":-0.9750531911849976,"z":0.22100980579853059,"w":-0.020190326496958734},"size":20.706377029418947,"orthographic":false}