{"cameraMode":{"drawMode":0,"name":"Shaded","section":"Shading Mode"},"sceneLighting":true,"audioPlay":false,"sceneViewState":{"m_AlwaysRefresh":true,"showFog":true,"showSkybox":true,"showFlares":true,"showImageEffects":true,"showParticleSystems":true,"showVisualEffectGraphs":true,"m_FxEnabled":true},"in2DMode":false,"pivot":{"x":194.51991271972657,"y":2.2849655151367189,"z":496.9269714355469},"rotation":{"x":0.13441568613052369,"y":0.5218034386634827,"z":-0.08367285877466202,"w":0.8382437229156494},"size":6.285695552825928,"orthographic":false}