{"cameraMode":{"drawMode":0,"name":"Shaded","section":"Shading Mode"},"sceneLighting":true,"audioPlay":false,"sceneViewState":{"m_AlwaysRefresh":true,"showFog":true,"showSkybox":true,"showFlares":true,"showImageEffects":true,"showParticleSystems":true,"showVisualEffectGraphs":true,"m_FxEnabled":true},"in2DMode":false,"pivot":{"x":200.39474487304688,"y":2.6125564575195314,"z":503.0098876953125},"rotation":{"x":0.058813609182834628,"y":0.8834742903709412,"z":-0.11541144549846649,"w":0.45021650195121767},"size":115.25411224365235,"orthographic":false}