{"cameraMode":{"drawMode":0,"name":"Shaded","section":"Shading Mode"},"sceneLighting":true,"audioPlay":false,"sceneViewState":{"m_AlwaysRefresh":true,"showFog":true,"showSkybox":true,"showFlares":true,"showImageEffects":true,"showParticleSystems":true,"showVisualEffectGraphs":true,"m_FxEnabled":true},"in2DMode":false,"pivot":{"x":194.51991271972657,"y":2.2849655151367189,"z":496.9269714355469},"rotation":{"x":0.08629497140645981,"y":0.7950953841209412,"z":-0.11650966852903366,"w":0.5888990163803101},"size":6.285695552825928,"orthographic":false}