{"cameraMode":{"drawMode":0,"name":"Shaded","section":"Shading Mode"},"sceneLighting":false,"audioPlay":false,"sceneViewState":{"m_AlwaysRefresh":true,"showFog":true,"showSkybox":false,"showFlares":true,"showImageEffects":true,"showParticleSystems":true,"showVisualEffectGraphs":true,"m_FxEnabled":true},"in2DMode":false,"pivot":{"x":236.46917724609376,"y":84.46453094482422,"z":439.6929931640625},"rotation":{"x":0.034304842352867129,"y":0.9648147821426392,"z":-0.2041303664445877,"w":0.16214244067668916},"size":152.27890014648438,"orthographic":false}